-- phpMyAdmin SQL Dump
-- version 5.2.0
-- https://www.phpmyadmin.net/
--
-- Host: localhost:3306
-- Generation Time: Nov 08, 2024 at 09:42 AM
-- Server version: 8.0.30
-- PHP Version: 8.3.13

SET SQL_MODE = "NO_AUTO_VALUE_ON_ZERO";
START TRANSACTION;
SET time_zone = "+00:00";


/*!40101 SET @OLD_CHARACTER_SET_CLIENT=@@CHARACTER_SET_CLIENT */;
/*!40101 SET @OLD_CHARACTER_SET_RESULTS=@@CHARACTER_SET_RESULTS */;
/*!40101 SET @OLD_COLLATION_CONNECTION=@@COLLATION_CONNECTION */;
/*!40101 SET NAMES utf8mb4 */;

--
-- Database: `makale`
--

-- --------------------------------------------------------

--
-- Table structure for table `articles`
--

CREATE TABLE `articles` (
  `id` int NOT NULL,
  `title` varchar(255) COLLATE utf8mb4_turkish_ci NOT NULL,
  `content` text COLLATE utf8mb4_turkish_ci NOT NULL,
  `image` varchar(255) COLLATE utf8mb4_turkish_ci DEFAULT NULL,
  `created_at` timestamp NULL DEFAULT CURRENT_TIMESTAMP,
  `view_count` int DEFAULT '0',
  `category_id` int NOT NULL,
  `author_id` int NOT NULL
) ENGINE=InnoDB DEFAULT CHARSET=utf8mb4 COLLATE=utf8mb4_turkish_ci;

--
-- Dumping data for table `articles`
--

INSERT INTO `articles` (`id`, `title`, `content`, `image`, `created_at`, `view_count`, `category_id`, `author_id`) VALUES
(1, 'Deneme Makale Başlık', 'Deneme makale içerik. Deneme makale içerik. Deneme makale içerik. Deneme makale içerik. Deneme makale içerik. Deneme makale içerik. Deneme makale içerik. Deneme makale içerik. Deneme makale içerik. Deneme makale içerik. Deneme makale içerik. Deneme makale içerik. Deneme makale içerik. Deneme makale içerik. Deneme makale içerik. Deneme makale içerik. Deneme makale içerik. Deneme makale içerik. Deneme makale içerik. Deneme makale içerik. Deneme makale içerik. Deneme makale içerik. Deneme makale içerik. Deneme makale içerik. Deneme makale içerik. Deneme makale içerik. Deneme makale içerik. Deneme makale içerik. Deneme makale içerik. Deneme makale içerik. Deneme makale içerik. Deneme makale içerik. Deneme makale içerik. Deneme makale içerik. Deneme makale içerik. Deneme makale içerik. Deneme makale içerik. Deneme makale içerik. Deneme makale içerik. Deneme makale içerik. Deneme makale içerik. Deneme makale içerik. Deneme makale içerik. Deneme makale içerik. Deneme makale içerik. Deneme makale içerik. Deneme makale içerik. Deneme makale içerik. Deneme makale içerik. Deneme makale içerik. Deneme makale içerik. Deneme makale içerik. Deneme makale içerik. Deneme makale içerik. Deneme makale içerik. Deneme makale içerik. Deneme makale içerik. Deneme makale içerik. Deneme makale içerik. Deneme makale içerik.', '672a1decbb2af.png', '2024-11-05 09:24:38', 1, 1, 1),
(2, 'Deneme Makale Başlık 2', 'Deneme Makale içerik 2. Deneme Makale içerik 2. Deneme Makale içerik 2. Deneme Makale içerik 2. Deneme Makale içerik 2. Deneme Makale içerik 2. Deneme Makale içerik 2. Deneme Makale içerik 2. Deneme Makale içerik 2. Deneme Makale içerik 2. Deneme Makale içerik 2. Deneme Makale içerik 2. Deneme Makale içerik 2. Deneme Makale içerik 2. Deneme Makale içerik 2. Deneme Makale içerik 2. Deneme Makale içerik 2. Deneme Makale içerik 2. Deneme Makale içerik 2. Deneme Makale içerik 2. Deneme Makale içerik 2. Deneme Makale içerik 2. Deneme Makale içerik 2. Deneme Makale içerik 2. Deneme Makale içerik 2. Deneme Makale içerik 2. Deneme Makale içerik 2. Deneme Makale içerik 2. Deneme Makale içerik 2. Deneme Makale içerik 2. Deneme Makale içerik 2. Deneme Makale içerik 2. Deneme Makale içerik 2. Deneme Makale içerik 2. Deneme Makale içerik 2. Deneme Makale içerik 2. Deneme Makale içerik 2. Deneme Makale içerik 2. Deneme Makale içerik 2. Deneme Makale içerik 2. Deneme Makale içerik 2. Deneme Makale içerik 2. Deneme Makale içerik 2. Deneme Makale içerik 2. Deneme Makale içerik 2. Deneme Makale içerik 2. Deneme Makale içerik 2. Deneme Makale içerik 2. Deneme Makale içerik 2. Deneme Makale içerik 2. Deneme Makale içerik 2. Deneme Makale içerik 2. Deneme Makale içerik 2. Deneme Makale içerik 2. Deneme Makale içerik 2. Deneme Makale içerik 2. Deneme Makale içerik 2. Deneme Makale içerik 2. Deneme Makale içerik 2. Deneme Makale içerik 2. Deneme Makale içerik 2. Deneme Makale içerik 2. Deneme Makale içerik 2. Deneme Makale içerik 2. Deneme Makale içerik 2. Deneme Makale içerik 2. Deneme Makale içerik 2. Deneme Makale içerik 2. Deneme Makale içerik 2. Deneme Makale içerik 2. Deneme Makale içerik 2. Deneme Makale içerik 2. Deneme Makale içerik 2. Deneme Makale içerik 2. Deneme Makale içerik 2. Deneme Makale içerik 2. Deneme Makale içerik 2. Deneme Makale içerik 2. Deneme Makale içerik 2. Deneme Makale içerik 2. Deneme Makale içerik 2. Deneme Makale içerik 2. Deneme Makale içerik 2. Deneme Makale içerik 2. Deneme Makale içerik 2. Deneme Makale içerik 2. Deneme Makale içerik 2. Deneme Makale içerik 2. Deneme Makale içerik 2. Deneme Makale içerik 2. Deneme Makale içerik 2. Deneme Makale içerik 2. Deneme Makale içerik 2. Deneme Makale içerik 2. Deneme Makale içerik 2. Deneme Makale içerik 2. Deneme Makale içerik 2. Deneme Makale içerik 2. Deneme Makale içerik 2. Deneme Makale içerik 2. Deneme Makale içerik 2. Deneme Makale içerik 2. Deneme Makale içerik 2.', '672a1df5ac09f.png', '2024-11-05 09:25:42', 2, 2, 1),
(3, 'Deneme Makale Başlık 3', 'Deneme Makale uygun içerik 3. Deneme Makale uygun içerik 3. Deneme Makale uygun içerik 3. Deneme Makale uygun içerik 3. Deneme Makale uygun içerik 3. Deneme Makale uygun içerik 3. Deneme Makale uygun içerik 3. Deneme Makale uygun içerik 3. Deneme Makale uygun içerik 3. Deneme Makale uygun içerik 3. Deneme Makale uygun içerik 3. Deneme Makale uygun içerik 3. Deneme Makale uygun içerik 3. Deneme Makale uygun içerik 3. Deneme Makale uygun içerik 3. Deneme Makale uygun içerik 3. Deneme Makale uygun içerik 3. Deneme Makale uygun içerik 3. Deneme Makale uygun içerik 3. Deneme Makale uygun içerik 3. Deneme Makale uygun içerik 3. Deneme Makale uygun içerik 3. Deneme Makale uygun içerik 3. Deneme Makale uygun içerik 3. Deneme Makale uygun içerik 3. Deneme Makale uygun içerik 3. Deneme Makale uygun içerik 3. Deneme Makale uygun içerik 3. Deneme Makale uygun içerik 3. Deneme Makale uygun içerik 3. Deneme Makale uygun içerik 3. Deneme Makale uygun içerik 3. Deneme Makale uygun içerik 3. Deneme Makale uygun içerik 3. Deneme Makale uygun içerik 3. Deneme Makale uygun içerik 3. Deneme Makale uygun içerik 3. Deneme Makale uygun içerik 3. Deneme Makale uygun içerik 3. Deneme Makale uygun içerik 3. Deneme Makale uygun içerik 3. Deneme Makale uygun içerik 3. Deneme Makale uygun içerik 3. Deneme Makale uygun içerik 3. Deneme Makale uygun içerik 3. Deneme Makale uygun içerik 3. Deneme Makale uygun içerik 3. Deneme Makale uygun içerik 3. Deneme Makale uygun içerik 3. Deneme Makale uygun içerik 3. Deneme Makale uygun içerik 3. Deneme Makale uygun içerik 3. Deneme Makale uygun içerik 3. Deneme Makale uygun içerik 3. Deneme Makale uygun içerik 3. Deneme Makale uygun içerik 3. Deneme Makale uygun içerik 3. Deneme Makale uygun içerik 3. Deneme Makale uygun içerik 3. Deneme Makale uygun içerik 3. Deneme Makale uygun içerik 3. Deneme Makale uygun içerik 3. Deneme Makale uygun içerik 3. Deneme Makale uygun içerik 3. Deneme Makale uygun içerik 3. Deneme Makale uygun içerik 3. Deneme Makale uygun içerik 3. Deneme Makale uygun içerik 3. Deneme Makale uygun içerik 3. Deneme Makale uygun içerik 3. Deneme Makale uygun içerik 3. Deneme Makale uygun içerik 3. Deneme Makale uygun içerik 3. Deneme Makale uygun içerik 3. Deneme Makale uygun içerik 3. Deneme Makale uygun içerik 3. Deneme Makale uygun içerik 3. Deneme Makale uygun içerik 3. Deneme Makale uygun içerik 3. Deneme Makale uygun içerik 3. Deneme Makale uygun içerik 3. Deneme Makale uygun içerik 3. Deneme Makale uygun içerik 3. Deneme Makale uygun içerik 3. Deneme Makale uygun içerik 3. Deneme Makale uygun içerik 3. Deneme Makale uygun içerik 3. Deneme Makale uygun içerik 3. Deneme Makale uygun içerik 3. Deneme Makale uygun içerik 3. Deneme Makale uygun içerik 3. Deneme Makale uygun içerik 3. Deneme Makale uygun içerik 3. Deneme Makale uygun içerik 3. Deneme Makale uygun içerik 3. Deneme Makale uygun içerik 3.', '672a1e085a396.png', '2024-11-05 09:34:23', 5, 3, 2),
(5, 'Makale Başlık 5', 'Makale içerik yazısı 5.  Makale içerik yazısı 5. Makale içerik yazısı 5. Makale içerik yazısı 5. Makale içerik yazısı 5. Makale içerik yazısı 5. Makale içerik yazısı 5. Makale içerik yazısı 5. Makale içerik yazısı 5. Makale içerik yazısı 5. Makale içerik yazısı 5. Makale içerik yazısı 5. Makale içerik yazısı 5. Makale içerik yazısı 5. Makale içerik yazısı 5. Makale içerik yazısı 5. Makale içerik yazısı 5. Makale içerik yazısı 5. Makale içerik yazısı 5. Makale içerik yazısı 5. Makale içerik yazısı 5. Makale içerik yazısı 5. Makale içerik yazısı 5. Makale içerik yazısı 5. Makale içerik yazısı 5. Makale içerik yazısı 5. Makale içerik yazısı 5. Makale içerik yazısı 5. Makale içerik yazısı 5. Makale içerik yazısı 5. Makale içerik yazısı 5. Makale içerik yazısı 5. Makale içerik yazısı 5. Makale içerik yazısı 5. Makale içerik yazısı 5. Makale içerik yazısı 5. Makale içerik yazısı 5. Makale içerik yazısı 5. Makale içerik yazısı 5. Makale içerik yazısı 5. Makale içerik yazısı 5. Makale içerik yazısı 5. Makale içerik yazısı 5. Makale içerik yazısı 5. Makale içerik yazısı 5. Makale içerik yazısı 5. Makale içerik yazısı 5. Makale içerik yazısı 5. Makale içerik yazısı 5. Makale içerik yazısı 5. Makale içerik yazısı 5. Makale içerik yazısı 5. Makale içerik yazısı 5. Makale içerik yazısı 5. Makale içerik yazısı 5. Makale içerik yazısı 5. Makale içerik yazısı 5. Makale içerik yazısı 5. Makale içerik yazısı 5. Makale içerik yazısı 5. Makale içerik yazısı 5. Makale içerik yazısı 5. Makale içerik yazısı 5. Makale içerik yazısı 5. Makale içerik yazısı 5. Makale içerik yazısı 5. Makale içerik yazısı 5. Makale içerik yazısı 5. Makale içerik yazısı 5. Makale içerik yazısı 5. Makale içerik yazısı 5. Makale içerik yazısı 5. Makale içerik yazısı 5. Makale içerik yazısı 5. Makale içerik yazısı 5. Makale içerik yazısı 5. Makale içerik yazısı 5. Makale içerik yazısı 5. Makale içerik yazısı 5. Makale içerik yazısı 5. Makale içerik yazısı 5. Makale içerik yazısı 5. Makale içerik yazısı 5. Makale içerik yazısı 5. Makale içerik yazısı 5. Makale içerik yazısı 5. Makale içerik yazısı 5. Makale içerik yazısı 5. Makale içerik yazısı 5. Makale içerik yazısı 5. Makale içerik yazısı 5. Makale içerik yazısı 5. Makale içerik yazısı 5. Makale içerik yazısı 5. Makale içerik yazısı 5. Makale içerik yazısı 5. Makale içerik yazısı 5. Makale içerik yazısı 5. Makale içerik yazısı 5.', '672a2401918e3.png', '2024-11-05 13:56:17', 11, 1, 1),
(9, 'Evlilik Öncesi Eş Seçimi', '<p><strong>Evlilik &Ouml;ncesi Eş Se&ccedil;imi ile İlgili Dikkat Edilmesi Gereken &Ouml;zellikler</strong></p>\r\n\r\n<p>Evlilik, hayatın en &ouml;nemli d&ouml;n&uuml;m noktalarından biridir ve bu s&uuml;re&ccedil;te doğru eş se&ccedil;imi, sağlıklı bir ilişki i&ccedil;in kritik bir rol oynamaktadır. Evlilik &ouml;ncesi eş se&ccedil;iminde dikkat edilmesi gereken &ouml;zellikler, bireylerin mutluluğu ve uyumu a&ccedil;ısından b&uuml;y&uuml;k &ouml;nem taşır. Bu belgede, evlilik &ouml;ncesi eş se&ccedil;iminde g&ouml;z &ouml;n&uuml;nde bulundurulması gereken temel &ouml;zellikler ayrıntılı olarak ele alınacaktır.</p>\r\n\r\n<p><em><strong>1. Değerler ve İnan&ccedil;lar</strong></em></p>\r\n\r\n<p>Eş adaylarının temel değerleri ve inan&ccedil;ları, uzun vadeli bir ilişki i&ccedil;in olduk&ccedil;a &ouml;nemlidir. Aile yapısı, dini inan&ccedil;lar, yaşam felsefesi gibi konularda benzerlikler, &ccedil;iftlerin uyumunu artırır. Farklı değerler, zamanla &ccedil;atışmalara yol a&ccedil;abilir.</p>\r\n\r\n<p><strong>2. İletişim Becerileri</strong></p>\r\n\r\n<p>Etkili iletişim, sağlıklı bir ilişkinin temel taşlarından biridir. Eş adaylarının duygularını, d&uuml;ş&uuml;ncelerini ve ihtiya&ccedil;larını a&ccedil;ık&ccedil;a ifade edebilmesi, sorunların &ccedil;&ouml;z&uuml;m&uuml;nde b&uuml;y&uuml;k kolaylık sağlar. İyi bir iletişim, karşılıklı anlayış ve empatiyi de beraberinde getirir.</p>\r\n\r\n<p><strong>3. Ortak İlgi Alanları</strong></p>\r\n\r\n<p>Ortak ilgi alanları, &ccedil;iftlerin birlikte vakit ge&ccedil;irmesini ve keyif almasını sağlar. Spor, sanat, seyahat gibi ortak hobiler, ilişkiyi g&uuml;&ccedil;lendirir ve &ccedil;iftler arasında bağ oluşturur. Ancak, farklı ilgi alanlarına sahip olmak da zenginlik katabilir; &ouml;nemli olan, bu farklılıkların nasıl y&ouml;netileceğidir.</p>\r\n\r\n<p><strong>4. Finansal G&ouml;r&uuml;şler</strong></p>\r\n\r\n<p>Mali konular, evlilikte sık&ccedil;a tartışılan bir alan olabilir. Eş adaylarının para y&ouml;netimi, harcama alışkanlıkları ve tasarruf anlayışları hakkında a&ccedil;ık bir şekilde konuşmaları &ouml;nemlidir. Finansal uyum, evlilikteki stresi azaltır ve g&uuml;ven duygusunu pekiştirir.</p>\r\n\r\n<p><strong>5. Aile ve &Ccedil;ocuk İlişkisi</strong></p>\r\n\r\n<p>Eş adaylarının aile yapısı, &ccedil;ocuk sahibi olma isteği ve &ccedil;ocuk yetiştirme konusundaki g&ouml;r&uuml;şleri, evlilik &ouml;ncesi dikkate alınması gereken &ouml;nemli unsurlardır. Aile dinamikleri ve &ccedil;ocuk yetiştirme y&ouml;ntemleri &uuml;zerine yapılan a&ccedil;ık tartışmalar, ileride yaşanabilecek sorunları minimize eder.</p>\r\n\r\n<p><strong>6. Kişisel Hedefler ve Kariyer</strong></p>\r\n\r\n<p>Bireylerin kariyer hedefleri ve kişisel gelişim arzuları, evlilikteki uyumu etkileyebilir. Eş adaylarının kariyer planları ve yaşam hedefleri hakkında bilgi sahibi olmak, gelecekteki beklentilerin uyumlu olmasını sağlar.</p>\r\n\r\n<p><strong>7. Duygusal Zeka</strong></p>\r\n\r\n<p>Duygusal zeka, bireylerin kendi duygularını anlama ve başkalarının duygularına empati g&ouml;sterme yeteneğidir. Y&uuml;ksek duygusal zekaya sahip bireyler, ilişkilerinde daha sağlıklı iletişim kurabilir ve sorunları daha etkili bir şekilde &ccedil;&ouml;zebilir.</p>\r\n\r\n<p><strong>8. Ge&ccedil;miş İlişkiler</strong></p>\r\n\r\n<p>Eş adaylarının ge&ccedil;miş ilişkileri, mevcut ilişkiyi etkileyebilir. Ge&ccedil;mişte yaşanan deneyimlerin, bireylerin ilişki dinamiklerine nasıl yansıdığını anlamak, gelecekteki sorunları &ouml;nlemek a&ccedil;ısından &ouml;nemlidir.</p>\r\n\r\n<p><strong>Sonu&ccedil;</strong></p>\r\n\r\n<p>Evlilik &ouml;ncesi eş se&ccedil;imi, dikkatlice değerlendirilmesi gereken bir s&uuml;re&ccedil;tir. Yukarıda belirtilen &ouml;zellikler, sağlıklı ve mutlu bir evlilik i&ccedil;in temel unsurlardır. Eş adaylarının bu &ouml;zellikleri g&ouml;z &ouml;n&uuml;nde bulundurarak birbirlerini tanımaları, uzun vadeli bir ilişki i&ccedil;in sağlam bir temel oluşturacaktır. Unutulmamalıdır ki, her ilişki farklıdır ve en &ouml;nemli olan, karşılıklı sevgi, saygı ve anlayıştır.</p>', '672b3e7932767.png', '2024-11-06 10:01:29', 23, 1, 1),
(10, 'Aile İçi Eş İlişkisi', '<p>Aile İ&ccedil;i Eş İlişkisi</p>\r\n\r\n<p>Aile i&ccedil;i eş ilişkisi, bireylerin evlilik veya uzun s&uuml;reli birliktelik i&ccedil;inde yaşadıkları dinamikleri ifade eder. Bu ilişki, sevgi, saygı, iletişim ve destek gibi temel unsurlarla şekillenir. Aile i&ccedil;indeki eşler, hem bireysel hem de ortak hedefler doğrultusunda birlikte hareket ederler. Bu belgede, aile i&ccedil;i eş ilişkisini etkileyen fakt&ouml;rler, sağlıklı bir ilişki i&ccedil;in gerekli unsurlar ve olası zorluklar ele alınacaktır.</p>\r\n\r\n<p><strong>Eş İlişkisinin Temel Unsurları</strong></p>\r\n\r\n<p>1. İletişim: Sağlıklı bir eş ilişkisi i&ccedil;in a&ccedil;ık ve d&uuml;r&uuml;st iletişim şarttır. Eşler, d&uuml;ş&uuml;ncelerini, duygularını ve ihtiya&ccedil;larını paylaşarak birbirlerini daha iyi anlayabilirler.</p>\r\n\r\n<p>2. Saygı: Eşler arasında karşılıklı saygı, ilişkinin temel taşlarından biridir. Her bireyin fikirlerine, duygularına ve sınırlarına saygı g&ouml;stermek, sağlıklı bir ilişkiyi destekler.</p>\r\n\r\n<p>3. Destek: Eşlerin birbirlerine duygusal ve pratik destek sağlaması, ilişkinin g&uuml;&ccedil;lenmesine yardımcı olur. Zor zamanlarda birbirine destek olmak, bağları kuvvetlendirir. Ortak Hedefler: Eşlerin ortak hedefler belirlemesi, birlikte bir gelecek inşa etmelerine yardımcı olur. Bu hedefler, aile kurma, kariyer hedefleri veya mali planlamalar gibi &ccedil;eşitli alanlarda olabilir. Aile İ&ccedil;i Eş İlişkisinde Karşılaşılan Zorluklar İletişim Eksiklikleri: İletişim eksikliği, bir&ccedil;ok ilişkinin temel sorunlarından biridir. Eşler, duygularını ifade etmede zorluk &ccedil;ekebilir veya yanlış anlamalar yaşayabilirler. Farklı Beklentiler: Eşlerin birbirlerinden farklı beklentileri olması, &ccedil;atışmalara yol a&ccedil;abilir. Bu durum, &ouml;zellikle evlilikte rol ve sorumlulukların paylaşımında belirginleşir. Zaman Y&ouml;netimi: İş ve sosyal yaşamın yoğunluğu, eşlerin birlikte kaliteli zaman ge&ccedil;irmesini zorlaştırabilir. Bu durum, ilişkinin zayıflamasına neden olabilir. Mali Sorunlar: Maddi sıkıntılar, aile i&ccedil;indeki gerilimi artırabilir. Eşlerin mali konularda uyumlu olmaları, ilişkinin sağlığı a&ccedil;ısından &ouml;nemlidir. Sağlıklı Bir Eş İlişkisi İ&ccedil;in &Ouml;neriler D&uuml;zenli İletişim Kurun: G&uuml;nl&uuml;k yaşamda birbirinizle d&uuml;zenli olarak iletişim kurmaya &ouml;zen g&ouml;sterin. Duygularınızı ve d&uuml;ş&uuml;ncelerinizi paylaşın. Birlikte Zaman Ge&ccedil;irin: Yoğun yaşam temposuna rağmen, birlikte kaliteli zaman ge&ccedil;irmeye &ccedil;alışın. Bu, ilişkinizi g&uuml;&ccedil;lendirecektir. Sorunları Birlikte &Ccedil;&ouml;z&uuml;n: Karşılaştığınız zorlukları birlikte ele alın. Sorunları &ccedil;&ouml;zmek i&ccedil;in işbirliği yapın ve birbirinize destek olun. Saygıyı &Ouml;n Planda Tutun: Her zaman birbirinize saygı g&ouml;sterin. Farklılıklarınızı kabul edin ve bu farklılıkları zenginlik olarak g&ouml;r&uuml;n. Sonu&ccedil; olarak, aile i&ccedil;i eş ilişkisi, bireylerin mutluluğu ve aile dinamiklerinin sağlığı a&ccedil;ısından kritik bir &ouml;neme sahiptir. İletişim, saygı ve destek gibi unsurların &ouml;n planda tutulması, sağlıklı bir ilişkinin temelini oluşturur. Zorluklarla karşılaşıldığında ise, birlikte &ccedil;&ouml;z&uuml;m aramak ve birbirine destek olmak, ilişkinin g&uuml;&ccedil;lenmesine katkı sağlar.</p>', '672b51f3f0c34.png', '2024-11-06 11:24:35', 3, 1, 1),
(11, 'Deneme Makale X', '<p>Deneme CK EDİT&Ouml;R MAkale</p>\r\n\r\n<p>1. Deneme makale birinci maddesi. Dneme makalesi birinci maddesi a&ccedil;ıklma kısmı. a&ccedil;ıklama devam ediyor. Alt satıra ge&ccedil;ene kadar a&ccedil;ıklama devam ettti.</p>\r\n\r\n<p>2. Deneme makale ikinci maddesi</p>\r\n\r\n<p>3. Deneme makale &uuml;&ccedil;&uuml;nc&uuml;maddesi</p>\r\n\r\n<p>4. Deneme makale d&ouml;rd&uuml;nc&uuml; maddesi</p>\r\n\r\n<p>5. Deneme makale beşinci maddesi</p>', '672b56965729a.png', '2024-11-06 11:44:22', 3, 2, 2),
(12, 'Makale Başlık 8', '<p>Makale a&ccedil;ıklama i&ccedil;erik 8.&nbsp;Makale a&ccedil;ıklama i&ccedil;erik 8.&nbsp;Makale a&ccedil;ıklama i&ccedil;erik 8.&nbsp;Makale a&ccedil;ıklama i&ccedil;erik 8.&nbsp;Makale a&ccedil;ıklama i&ccedil;erik 8.&nbsp;Makale a&ccedil;ıklama i&ccedil;erik 8.&nbsp;Makale a&ccedil;ıklama i&ccedil;erik 8.&nbsp;Makale a&ccedil;ıklama i&ccedil;erik 8.&nbsp;Makale a&ccedil;ıklama i&ccedil;erik 8.&nbsp;Makale a&ccedil;ıklama i&ccedil;erik 8.&nbsp;Makale a&ccedil;ıklama i&ccedil;erik 8.&nbsp;Makale a&ccedil;ıklama i&ccedil;erik 8.&nbsp;Makale a&ccedil;ıklama i&ccedil;erik 8.&nbsp;Makale a&ccedil;ıklama i&ccedil;erik 8.&nbsp;Makale a&ccedil;ıklama i&ccedil;erik 8.&nbsp;Makale a&ccedil;ıklama i&ccedil;erik 8.&nbsp;Makale a&ccedil;ıklama i&ccedil;erik 8.&nbsp;Makale a&ccedil;ıklama i&ccedil;erik 8.&nbsp;Makale a&ccedil;ıklama i&ccedil;erik 8.&nbsp;Makale a&ccedil;ıklama i&ccedil;erik 8.&nbsp;Makale a&ccedil;ıklama i&ccedil;erik 8.&nbsp;Makale a&ccedil;ıklama i&ccedil;erik 8.&nbsp;Makale a&ccedil;ıklama i&ccedil;erik 8.&nbsp;Makale a&ccedil;ıklama i&ccedil;erik 8.&nbsp;Makale a&ccedil;ıklama i&ccedil;erik 8.&nbsp;Makale a&ccedil;ıklama i&ccedil;erik 8.&nbsp;Makale a&ccedil;ıklama i&ccedil;erik 8.&nbsp;Makale a&ccedil;ıklama i&ccedil;erik 8.&nbsp;Makale a&ccedil;ıklama i&ccedil;erik 8.&nbsp;Makale a&ccedil;ıklama i&ccedil;erik 8.&nbsp;Makale a&ccedil;ıklama i&ccedil;erik 8.&nbsp;Makale a&ccedil;ıklama i&ccedil;erik 8.&nbsp;Makale a&ccedil;ıklama i&ccedil;erik 8.&nbsp;Makale a&ccedil;ıklama i&ccedil;erik 8.&nbsp;Makale a&ccedil;ıklama i&ccedil;erik 8.&nbsp;Makale a&ccedil;ıklama i&ccedil;erik 8.&nbsp;Makale a&ccedil;ıklama i&ccedil;erik 8.&nbsp;Makale a&ccedil;ıklama i&ccedil;erik 8.&nbsp;Makale a&ccedil;ıklama i&ccedil;erik 8.&nbsp;Makale a&ccedil;ıklama i&ccedil;erik 8.&nbsp;Makale a&ccedil;ıklama i&ccedil;erik 8.&nbsp;Makale a&ccedil;ıklama i&ccedil;erik 8.&nbsp;Makale a&ccedil;ıklama i&ccedil;erik 8.&nbsp;Makale a&ccedil;ıklama i&ccedil;erik 8.&nbsp;Makale a&ccedil;ıklama i&ccedil;erik 8.&nbsp;Makale a&ccedil;ıklama i&ccedil;erik 8.&nbsp;Makale a&ccedil;ıklama i&ccedil;erik 8.&nbsp;Makale a&ccedil;ıklama i&ccedil;erik 8.&nbsp;Makale a&ccedil;ıklama i&ccedil;erik 8.&nbsp;Makale a&ccedil;ıklama i&ccedil;erik 8.&nbsp;Makale a&ccedil;ıklama i&ccedil;erik 8.&nbsp;Makale a&ccedil;ıklama i&ccedil;erik 8.&nbsp;Makale a&ccedil;ıklama i&ccedil;erik 8.&nbsp;Makale a&ccedil;ıklama i&ccedil;erik 8.&nbsp;Makale a&ccedil;ıklama i&ccedil;erik 8.&nbsp;Makale a&ccedil;ıklama i&ccedil;erik 8.&nbsp;Makale a&ccedil;ıklama i&ccedil;erik 8.&nbsp;Makale a&ccedil;ıklama i&ccedil;erik 8.&nbsp;Makale a&ccedil;ıklama i&ccedil;erik 8.&nbsp;Makale a&ccedil;ıklama i&ccedil;erik 8.&nbsp;Makale a&ccedil;ıklama i&ccedil;erik 8.&nbsp;Makale a&ccedil;ıklama i&ccedil;erik 8.&nbsp;Makale a&ccedil;ıklama i&ccedil;erik 8.&nbsp;Makale a&ccedil;ıklama i&ccedil;erik 8.&nbsp;Makale a&ccedil;ıklama i&ccedil;erik 8.&nbsp;Makale a&ccedil;ıklama i&ccedil;erik 8.&nbsp;Makale a&ccedil;ıklama i&ccedil;erik 8.&nbsp;Makale a&ccedil;ıklama i&ccedil;erik 8.&nbsp;Makale a&ccedil;ıklama i&ccedil;erik 8.&nbsp;Makale a&ccedil;ıklama i&ccedil;erik 8.&nbsp;Makale a&ccedil;ıklama i&ccedil;erik 8.&nbsp;Makale a&ccedil;ıklama i&ccedil;erik 8.&nbsp;Makale a&ccedil;ıklama i&ccedil;erik 8.&nbsp;Makale a&ccedil;ıklama i&ccedil;erik 8.&nbsp;Makale a&ccedil;ıklama i&ccedil;erik 8.&nbsp;Makale a&ccedil;ıklama i&ccedil;erik 8.&nbsp;Makale a&ccedil;ıklama i&ccedil;erik 8.&nbsp;Makale a&ccedil;ıklama i&ccedil;erik 8.&nbsp;Makale a&ccedil;ıklama i&ccedil;erik 8.&nbsp;Makale a&ccedil;ıklama i&ccedil;erik 8.&nbsp;Makale a&ccedil;ıklama i&ccedil;erik 8.&nbsp;</p>', '672cb9c503a6d.png', '2024-11-07 12:59:49', 2, 3, 2),
(14, 'Makale Başlık -10', '<p>&nbsp;Deneme makale i&ccedil;erik hakkında 10.&nbsp;Deneme makale i&ccedil;erik hakkında 10.&nbsp;Deneme makale i&ccedil;erik hakkında 10.&nbsp;Deneme makale i&ccedil;erik hakkında 10.&nbsp;Deneme makale i&ccedil;erik hakkında 10.&nbsp;Deneme makale i&ccedil;erik hakkında 10.&nbsp;Deneme makale i&ccedil;erik hakkında 10.&nbsp;Deneme makale i&ccedil;erik hakkında 10.&nbsp;Deneme makale i&ccedil;erik hakkında 10.&nbsp;Deneme makale i&ccedil;erik hakkında 10.&nbsp;Deneme makale i&ccedil;erik hakkında 10.&nbsp;Deneme makale i&ccedil;erik hakkında 10.&nbsp;Deneme makale i&ccedil;erik hakkında 10.&nbsp;Deneme makale i&ccedil;erik hakkında 10.&nbsp;Deneme makale i&ccedil;erik hakkında 10.&nbsp;Deneme makale i&ccedil;erik hakkında 10.&nbsp;Deneme makale i&ccedil;erik hakkında 10.&nbsp;Deneme makale i&ccedil;erik hakkında 10.&nbsp;Deneme makale i&ccedil;erik hakkında 10.&nbsp;Deneme makale i&ccedil;erik hakkında 10.&nbsp;Deneme makale i&ccedil;erik hakkında 10.&nbsp;Deneme makale i&ccedil;erik hakkında 10.&nbsp;Deneme makale i&ccedil;erik hakkında 10.&nbsp;Deneme makale i&ccedil;erik hakkında 10.&nbsp;Deneme makale i&ccedil;erik hakkında 10.&nbsp;Deneme makale i&ccedil;erik hakkında 10.&nbsp;Deneme makale i&ccedil;erik hakkında 10.&nbsp;Deneme makale i&ccedil;erik hakkında 10.&nbsp;Deneme makale i&ccedil;erik hakkında 10.&nbsp;Deneme makale i&ccedil;erik hakkında 10.&nbsp;Deneme makale i&ccedil;erik hakkında 10.&nbsp;Deneme makale i&ccedil;erik hakkında 10.&nbsp;Deneme makale i&ccedil;erik hakkında 10.&nbsp;Deneme makale i&ccedil;erik hakkında 10.&nbsp;Deneme makale i&ccedil;erik hakkında 10.&nbsp;Deneme makale i&ccedil;erik hakkında 10.&nbsp;Deneme makale i&ccedil;erik hakkında 10.&nbsp;Deneme makale i&ccedil;erik hakkında 10.&nbsp;Deneme makale i&ccedil;erik hakkında 10.&nbsp;Deneme makale i&ccedil;erik hakkında 10.&nbsp;Deneme makale i&ccedil;erik hakkında 10.&nbsp;Deneme makale i&ccedil;erik hakkında 10.&nbsp;Deneme makale i&ccedil;erik hakkında 10.&nbsp;Deneme makale i&ccedil;erik hakkında 10.&nbsp;Deneme makale i&ccedil;erik hakkında 10.&nbsp;Deneme makale i&ccedil;erik hakkında 10.&nbsp;Deneme makale i&ccedil;erik hakkında 10.&nbsp;Deneme makale i&ccedil;erik hakkında 10.&nbsp;Deneme makale i&ccedil;erik hakkında 10.&nbsp;Deneme makale i&ccedil;erik hakkında 10.&nbsp;Deneme makale i&ccedil;erik hakkında 10.&nbsp;Deneme makale i&ccedil;erik hakkında 10.&nbsp;Deneme makale i&ccedil;erik hakkında 10.&nbsp;Deneme makale i&ccedil;erik hakkında 10.&nbsp;Deneme makale i&ccedil;erik hakkında 10.&nbsp;Deneme makale i&ccedil;erik hakkında 10.&nbsp;Deneme makale i&ccedil;erik hakkında 10.&nbsp;Deneme makale i&ccedil;erik hakkında 10.&nbsp;Deneme makale i&ccedil;erik hakkında 10.&nbsp;Deneme makale i&ccedil;erik hakkında 10.&nbsp;Deneme makale i&ccedil;erik hakkında 10.&nbsp;Deneme makale i&ccedil;erik hakkında 10.&nbsp;Deneme makale i&ccedil;erik hakkında 10.&nbsp;Deneme makale i&ccedil;erik hakkında 10.&nbsp;Deneme makale i&ccedil;erik hakkında 10.&nbsp;Deneme makale i&ccedil;erik hakkında 10.&nbsp;Deneme makale i&ccedil;erik hakkında 10.&nbsp;Deneme makale i&ccedil;erik hakkında 10.&nbsp;Deneme makale i&ccedil;erik hakkında 10.&nbsp;Deneme makale i&ccedil;erik hakkında 10.&nbsp;Deneme makale i&ccedil;erik hakkında 10.&nbsp;Deneme makale i&ccedil;erik hakkında 10.&nbsp;Deneme makale i&ccedil;erik hakkında 10.&nbsp;Deneme makale i&ccedil;erik hakkında 10.&nbsp;Deneme makale i&ccedil;erik hakkında 10.&nbsp;Deneme makale i&ccedil;erik hakkında 10.&nbsp;Deneme makale i&ccedil;erik hakkında 10.&nbsp;Deneme makale i&ccedil;erik hakkında 10.&nbsp;Deneme makale i&ccedil;erik hakkında 10.&nbsp;Deneme makale i&ccedil;erik hakkında 10.&nbsp;Deneme makale i&ccedil;erik hakkında 10.&nbsp;Deneme makale i&ccedil;erik hakkında 10.&nbsp;</p>', '672cba269bdce.png', '2024-11-07 13:01:26', 9, 1, 1),
(15, 'Makale Başlık XI', '<p>Deneme makale i&ccedil;erik XI.&nbsp;Deneme makale i&ccedil;erik XI.&nbsp;Deneme makale i&ccedil;erik XI.&nbsp;Deneme makale i&ccedil;erik XI.&nbsp;Deneme makale i&ccedil;erik XI.&nbsp;Deneme makale i&ccedil;erik XI.&nbsp;Deneme makale i&ccedil;erik XI.&nbsp;Deneme makale i&ccedil;erik XI.&nbsp;Deneme makale i&ccedil;erik XI.&nbsp;Deneme makale i&ccedil;erik XI.&nbsp;Deneme makale i&ccedil;erik XI.&nbsp;Deneme makale i&ccedil;erik XI.&nbsp;Deneme makale i&ccedil;erik XI.&nbsp;Deneme makale i&ccedil;erik XI.&nbsp;Deneme makale i&ccedil;erik XI.&nbsp;Deneme makale i&ccedil;erik XI.&nbsp;Deneme makale i&ccedil;erik XI.&nbsp;Deneme makale i&ccedil;erik XI.&nbsp;Deneme makale i&ccedil;erik XI.&nbsp;Deneme makale i&ccedil;erik XI.&nbsp;Deneme makale i&ccedil;erik XI.&nbsp;Deneme makale i&ccedil;erik XI.&nbsp;Deneme makale i&ccedil;erik XI.&nbsp;Deneme makale i&ccedil;erik XI.&nbsp;Deneme makale i&ccedil;erik XI.&nbsp;Deneme makale i&ccedil;erik XI.&nbsp;Deneme makale i&ccedil;erik XI.&nbsp;Deneme makale i&ccedil;erik XI.&nbsp;Deneme makale i&ccedil;erik XI.&nbsp;Deneme makale i&ccedil;erik XI.&nbsp;Deneme makale i&ccedil;erik XI.&nbsp;Deneme makale i&ccedil;erik XI.&nbsp;Deneme makale i&ccedil;erik XI.&nbsp;Deneme makale i&ccedil;erik XI.&nbsp;Deneme makale i&ccedil;erik XI.&nbsp;Deneme makale i&ccedil;erik XI.&nbsp;Deneme makale i&ccedil;erik XI.&nbsp;Deneme makale i&ccedil;erik XI.&nbsp;Deneme makale i&ccedil;erik XI.&nbsp;Deneme makale i&ccedil;erik XI.&nbsp;Deneme makale i&ccedil;erik XI.&nbsp;Deneme makale i&ccedil;erik XI.&nbsp;Deneme makale i&ccedil;erik XI.&nbsp;Deneme makale i&ccedil;erik XI.&nbsp;Deneme makale i&ccedil;erik XI.&nbsp;Deneme makale i&ccedil;erik XI.&nbsp;Deneme makale i&ccedil;erik XI.&nbsp;Deneme makale i&ccedil;erik XI.&nbsp;Deneme makale i&ccedil;erik XI.&nbsp;Deneme makale i&ccedil;erik XI.&nbsp;Deneme makale i&ccedil;erik XI.&nbsp;Deneme makale i&ccedil;erik XI.&nbsp;Deneme makale i&ccedil;erik XI.&nbsp;Deneme makale i&ccedil;erik XI.&nbsp;Deneme makale i&ccedil;erik XI.&nbsp;Deneme makale i&ccedil;erik XI.&nbsp;Deneme makale i&ccedil;erik XI.&nbsp;Deneme makale i&ccedil;erik XI.&nbsp;Deneme makale i&ccedil;erik XI.&nbsp;Deneme makale i&ccedil;erik XI.&nbsp;Deneme makale i&ccedil;erik XI.&nbsp;Deneme makale i&ccedil;erik XI.&nbsp;Deneme makale i&ccedil;erik XI.&nbsp;Deneme makale i&ccedil;erik XI.&nbsp;Deneme makale i&ccedil;erik XI.&nbsp;Deneme makale i&ccedil;erik XI.&nbsp;Deneme makale i&ccedil;erik XI.&nbsp;Deneme makale i&ccedil;erik XI.&nbsp;Deneme makale i&ccedil;erik XI.&nbsp;Deneme makale i&ccedil;erik XI.&nbsp;Deneme makale i&ccedil;erik XI.&nbsp;Deneme makale i&ccedil;erik XI.&nbsp;Deneme makale i&ccedil;erik XI.&nbsp;Deneme makale i&ccedil;erik XI.&nbsp;Deneme makale i&ccedil;erik XI.&nbsp;Deneme makale i&ccedil;erik XI.&nbsp;Deneme makale i&ccedil;erik XI.&nbsp;Deneme makale i&ccedil;erik XI.&nbsp;Deneme makale i&ccedil;erik XI.&nbsp;Deneme makale i&ccedil;erik XI.&nbsp;Deneme makale i&ccedil;erik XI.&nbsp;Deneme makale i&ccedil;erik XI.&nbsp;Deneme makale i&ccedil;erik XI.&nbsp;Deneme makale i&ccedil;erik XI.&nbsp;Deneme makale i&ccedil;erik XI.&nbsp;Deneme makale i&ccedil;erik XI.&nbsp;Deneme makale i&ccedil;erik XI.&nbsp;Deneme makale i&ccedil;erik XI.&nbsp;Deneme makale i&ccedil;erik XI.&nbsp;Deneme makale i&ccedil;erik XI.&nbsp;Deneme makale i&ccedil;erik XI.&nbsp;Deneme makale i&ccedil;erik XI.&nbsp;Deneme makale i&ccedil;erik XI.&nbsp;Deneme makale i&ccedil;erik XI.&nbsp;Deneme makale i&ccedil;erik XI.&nbsp;Deneme makale i&ccedil;erik XI.&nbsp;Deneme makale i&ccedil;erik XI.&nbsp;Deneme makale i&ccedil;erik XI.&nbsp;Deneme makale i&ccedil;erik XI.&nbsp;Deneme makale i&ccedil;erik XI.&nbsp;Deneme makale i&ccedil;erik XI.&nbsp;Deneme makale i&ccedil;erik XI.&nbsp;Deneme makale i&ccedil;erik XI.&nbsp;Deneme makale i&ccedil;erik XI.&nbsp;Deneme makale i&ccedil;erik XI.&nbsp;Deneme makale i&ccedil;erik XI.&nbsp;Deneme makale i&ccedil;erik XI.&nbsp;Deneme makale i&ccedil;erik XI.&nbsp;Deneme makale i&ccedil;erik XI.&nbsp;Deneme makale i&ccedil;erik XI.&nbsp;Deneme makale i&ccedil;erik XI.&nbsp;Deneme makale i&ccedil;erik XI.&nbsp;Deneme makale i&ccedil;erik XI.&nbsp;Deneme makale i&ccedil;erik XI.&nbsp;Deneme makale i&ccedil;erik XI.&nbsp;Deneme makale i&ccedil;erik XI.&nbsp;Deneme makale i&ccedil;erik XI.&nbsp;Deneme makale i&ccedil;erik XI.&nbsp;Deneme makale i&ccedil;erik XI.&nbsp;Deneme makale i&ccedil;erik XI.&nbsp;Deneme makale i&ccedil;erik XI.&nbsp;Deneme makale i&ccedil;erik XI.&nbsp;Deneme makale i&ccedil;erik XI.&nbsp;Deneme makale i&ccedil;erik XI.&nbsp;Deneme makale i&ccedil;erik XI.&nbsp;Deneme makale i&ccedil;erik XI.&nbsp;Deneme makale i&ccedil;erik XI.&nbsp;Deneme makale i&ccedil;erik XI.&nbsp;</p>', '672ce4e248a7e.png', '2024-11-07 16:03:46', 1, 1, 2);

-- --------------------------------------------------------

--
-- Table structure for table `authors`
--

CREATE TABLE `authors` (
  `id` int NOT NULL,
  `name` varchar(45) COLLATE utf8mb4_turkish_ci NOT NULL
) ENGINE=InnoDB DEFAULT CHARSET=utf8mb4 COLLATE=utf8mb4_turkish_ci;

--
-- Dumping data for table `authors`
--

INSERT INTO `authors` (`id`, `name`) VALUES
(1, 'ainsoft'),
(2, 'aintech');

-- --------------------------------------------------------

--
-- Table structure for table `categories`
--

CREATE TABLE `categories` (
  `id` int NOT NULL,
  `name` varchar(50) COLLATE utf8mb4_turkish_ci NOT NULL
) ENGINE=InnoDB DEFAULT CHARSET=utf8mb4 COLLATE=utf8mb4_turkish_ci;

--
-- Dumping data for table `categories`
--

INSERT INTO `categories` (`id`, `name`) VALUES
(1, 'Evlilik'),
(2, 'İlişki Danışmanlığı'),
(3, 'Cinsel Terapi');

--
-- Indexes for dumped tables
--

--
-- Indexes for table `articles`
--
ALTER TABLE `articles`
  ADD PRIMARY KEY (`id`);

--
-- Indexes for table `authors`
--
ALTER TABLE `authors`
  ADD PRIMARY KEY (`id`);

--
-- Indexes for table `categories`
--
ALTER TABLE `categories`
  ADD PRIMARY KEY (`id`);

--
-- AUTO_INCREMENT for dumped tables
--

--
-- AUTO_INCREMENT for table `articles`
--
ALTER TABLE `articles`
  MODIFY `id` int NOT NULL AUTO_INCREMENT, AUTO_INCREMENT=16;

--
-- AUTO_INCREMENT for table `authors`
--
ALTER TABLE `authors`
  MODIFY `id` int NOT NULL AUTO_INCREMENT, AUTO_INCREMENT=3;

--
-- AUTO_INCREMENT for table `categories`
--
ALTER TABLE `categories`
  MODIFY `id` int NOT NULL AUTO_INCREMENT, AUTO_INCREMENT=4;
COMMIT;

/*!40101 SET CHARACTER_SET_CLIENT=@OLD_CHARACTER_SET_CLIENT */;
/*!40101 SET CHARACTER_SET_RESULTS=@OLD_CHARACTER_SET_RESULTS */;
/*!40101 SET COLLATION_CONNECTION=@OLD_COLLATION_CONNECTION */;
